2cbd33c3-0558-11ed-99ad-94e23c4ee1e2.jpg,"['LBB-', '5200}']"
d34a0609-0558-11ed-ac06-94e23c4ee1e2.jpg,"['LBB-', '5200}']"
ec1f5623-0559-11ed-a904-94e23c4ee1e2.jpg,"['LBB-', '5200}']"
37c4ba34-055a-11ed-ab87-94e23c4ee1e2.jpg,"['LBB-', '5200}']"
38dd0722-055a-11ed-bc3b-94e23c4ee1e2.jpg,['ILBB-5200}']
3f8dd364-055a-11ed-a3e7-94e23c4ee1e2.jpg,['LAL1165']
40a034f8-055a-11ed-81a9-94e23c4ee1e2.jpg,['LALL16:']
41a23bb2-055a-11ed-80df-94e23c4ee1e2.jpg,['LAL465']
42bdbd8d-055a-11ed-9229-94e23c4ee1e2.jpg,['LAL4165']
43d3c161-055a-11ed-b9a8-94e23c4ee1e2.jpg,['LAL1165']
44e4bc34-055a-11ed-9891-94e23c4ee1e2.jpg,['LAA1165']
45e1b9cb-055a-11ed-b5e2-94e23c4ee1e2.jpg,['LAc 1165']
4706ffea-055a-11ed-9593-94e23c4ee1e2.jpg,['LAA1165']
480b77a3-055a-11ed-9516-94e23c4ee1e2.jpg,['44 1166']
49842f2f-055a-11ed-96ec-94e23c4ee1e2.jpg,['7282.5025']
4be8f36e-055a-11ed-98b0-94e23c4ee1e2.jpg,['PBZ 5025']
4ced8fad-055a-11ed-bbb7-94e23c4ee1e2.jpg,['PBZ 5025']
4dee5dd9-055a-11ed-b491-94e23c4ee1e2.jpg,['PBZ 5025]']
4f02b1c4-055a-11ed-bf5a-94e23c4ee1e2.jpg,['PBZ 5025']
5019ee29-055a-11ed-b0cd-94e23c4ee1e2.jpg,['PBZ 5025']
512877ed-055a-11ed-bd7b-94e23c4ee1e2.jpg,['PBZ 5025']
522e4f34-055a-11ed-9988-94e23c4ee1e2.jpg,['PBZ-5025]']
534a9496-055a-11ed-87d7-94e23c4ee1e2.jpg,"['Cua', 'PBZ-5025']"
54f12ebf-055a-11ed-a818-94e23c4ee1e2.jpg,['LBA 8222']
576b6dc6-055a-11ed-bf88-94e23c4ee1e2.jpg,['LBA-8222']
586a9200-055a-11ed-8d60-94e23c4ee1e2.jpg,['LBA:8222']
59776e22-055a-11ed-9556-94e23c4ee1e2.jpg,"['8222/', 'LBA:']"
5a8b9c27-055a-11ed-b9b8-94e23c4ee1e2.jpg,['LBA 8222']
5be9c377-055a-11ed-8d63-94e23c4ee1e2.jpg,['PBM-661.9']
5cf2cf0a-055a-11ed-bc1f-94e23c4ee1e2.jpg,['PBM 661.9']
5e0b9204-055a-11ed-a37b-94e23c4ee1e2.jpg,"['Uldolh', 'IPBIM-661.9']"
5f1f5141-055a-11ed-b9e7-94e23c4ee1e2.jpg,['PBI 66.1.9']
603cd3d0-055a-11ed-8ccd-94e23c4ee1e2.jpg,"['uado', 'PBM 6619']"
673ebdc9-055a-11ed-9847-94e23c4ee1e2.jpg,['LA6-0802']
683b4639-055a-11ed-bd08-94e23c4ee1e2.jpg,['Li6 0802']
6942a417-055a-11ed-9e67-94e23c4ee1e2.jpg,['Li6-0802']
6a5e744f-055a-11ed-83ce-94e23c4ee1e2.jpg,['LAG-0802']
6b655d00-055a-11ed-9108-94e23c4ee1e2.jpg,"['LaG-', '0802']"
6c92925c-055a-11ed-80f1-94e23c4ee1e2.jpg,['AG-0802']
6d9f6e80-055a-11ed-a9d9-94e23c4ee1e2.jpg,['IAG-nan?']
71c95746-055a-11ed-9dc1-94e23c4ee1e2.jpg,"['OCH E', '522']"
72e05f6d-055a-11ed-9a3e-94e23c4ee1e2.jpg,['OCH-522']
73f2f88c-055a-11ed-aa2f-94e23c4ee1e2.jpg,['OCH-522']
78ac248f-055a-11ed-83ad-94e23c4ee1e2.jpg,"['ruinn', 'LBA 1499]']"
79c62007-055a-11ed-aff6-94e23c4ee1e2.jpg,['LBA 1499']
7ad60d28-055a-11ed-ac71-94e23c4ee1e2.jpg,['LBA 1499']
7bf2ea3b-055a-11ed-a646-94e23c4ee1e2.jpg,['LBA 1499']
7d14119f-055a-11ed-ac23-94e23c4ee1e2.jpg,"['Iutd', 'LBA 1499]']"
86c810a1-055a-11ed-9935-94e23c4ee1e2.jpg,['LBB-9937']
87ca6552-055a-11ed-b382-94e23c4ee1e2.jpg,['LBB-9937']
88d78fbc-055a-11ed-a098-94e23c4ee1e2.jpg,['LBB-9937']
89f828ad-055a-11ed-bf5f-94e23c4ee1e2.jpg,['LBB-9937']
8af4ff36-055a-11ed-98b6-94e23c4ee1e2.jpg,['LBB-9937']
8c12a7d3-055a-11ed-918a-94e23c4ee1e2.jpg,['LBB-9937']
8d2a0b34-055a-11ed-8fd8-94e23c4ee1e2.jpg,['BB-9937']
8e2e82e2-055a-11ed-a07a-94e23c4ee1e2.jpg,"['Ttuaoom', 'BB-9937']"
8f4af3b5-055a-11ed-8e76-94e23c4ee1e2.jpg,['BB-9937']
9060bac9-055a-11ed-8a30-94e23c4ee1e2.jpg,"['(Uaton', 'BB-9937]']"
91661ccd-055a-11ed-a7f2-94e23c4ee1e2.jpg,['BB-9937']
954f3dcb-055a-11ed-917f-94e23c4ee1e2.jpg,['LBD-31771']
cdbf2f5c-055b-11ed-bf2a-94e23c4ee1e2.jpg,"['LBB-', '5200}']"
ced91076-055b-11ed-b748-94e23c4ee1e2.jpg,['ILBB-5200}']
d585ccd3-055b-11ed-a2a9-94e23c4ee1e2.jpg,['LAL1165']
d6991196-055b-11ed-a047-94e23c4ee1e2.jpg,['LALL16:']
d7a8fae6-055b-11ed-aa95-94e23c4ee1e2.jpg,['LAL465']
d8bcdbe3-055b-11ed-8857-94e23c4ee1e2.jpg,['LAL4165']
d9e15c26-055b-11ed-95a7-94e23c4ee1e2.jpg,['LAL1165']
dafae84c-055b-11ed-949c-94e23c4ee1e2.jpg,['LAA1165']
dbfa2fca-055b-11ed-a560-94e23c4ee1e2.jpg,['LAc 1165']
dd0e10d5-055b-11ed-9136-94e23c4ee1e2.jpg,['LAA1165']
de29d19e-055b-11ed-92d1-94e23c4ee1e2.jpg,['44 1166']
00750aac-055d-11ed-9c00-94e23c4ee1e2.jpg,"['LBB-', '5200}']"
0183e47d-055d-11ed-8711-94e23c4ee1e2.jpg,['ILBB-5200}']
083298a0-055d-11ed-a64b-94e23c4ee1e2.jpg,['LAL1165']
093f76ca-055d-11ed-96e8-94e23c4ee1e2.jpg,['LALL16:']
0a34ac4e-055d-11ed-8eb3-94e23c4ee1e2.jpg,['LA4165']
0b2a9def-055d-11ed-881a-94e23c4ee1e2.jpg,['LAL4165']
0c32b28b-055d-11ed-95c3-94e23c4ee1e2.jpg,['LAL1165']
0d349440-055d-11ed-bc7d-94e23c4ee1e2.jpg,['LAA1165']
0e2b3ee9-055d-11ed-b2e7-94e23c4ee1e2.jpg,['LAc 1165']
0f381f1a-055d-11ed-be9f-94e23c4ee1e2.jpg,['LAA1165']
1047578a-055d-11ed-b6a3-94e23c4ee1e2.jpg,['46 11F6']
1196ef7c-055d-11ed-b690-94e23c4ee1e2.jpg,['7282.5025']
13e17b52-055d-11ed-9ab5-94e23c4ee1e2.jpg,['PBZ 5025']
14e593a8-055d-11ed-8399-94e23c4ee1e2.jpg,['PBZ 5025']
15eccaf2-055d-11ed-b6c4-94e23c4ee1e2.jpg,['PBZ 5025]']
16e1f8fe-055d-11ed-8a6f-94e23c4ee1e2.jpg,['PBZ 5025']
17ef734c-055d-11ed-a1e7-94e23c4ee1e2.jpg,['PBZ 5025']
18fa7d0f-055d-11ed-a663-94e23c4ee1e2.jpg,['PBZ 5025']
19f25d9a-055d-11ed-9a81-94e23c4ee1e2.jpg,['PBZ -5025]']
1af84d6e-055d-11ed-b9ff-94e23c4ee1e2.jpg,"['Cua', 'PBZ-5025']"
1c93f6da-055d-11ed-af1a-94e23c4ee1e2.jpg,['LBA 8222']
1ef70c48-055d-11ed-82bd-94e23c4ee1e2.jpg,['LBA-8222']
1fed085b-055d-11ed-b7e4-94e23c4ee1e2.jpg,['LBA:8222']
20ec2fc7-055d-11ed-9caf-94e23c4ee1e2.jpg,"['8222/', 'LBA:']"
21ef2ec2-055d-11ed-9b84-94e23c4ee1e2.jpg,['LBA 8222']
2333b614-055d-11ed-8a28-94e23c4ee1e2.jpg,['PBM 661.9']
2431edbe-055d-11ed-aaed-94e23c4ee1e2.jpg,['PBM 661.9']
253cc799-055d-11ed-bd63-94e23c4ee1e2.jpg,"['Uldolh', 'IPBIM-661.9']"
263ea734-055d-11ed-9d95-94e23c4ee1e2.jpg,['PBI 66.1.9']
273e9f51-055d-11ed-a6de-94e23c4ee1e2.jpg,"['WAWM', 'PBM 6619']"
2e4666cb-055d-11ed-ae63-94e23c4ee1e2.jpg,['LA6-0802']
2f382bfd-055d-11ed-ba9e-94e23c4ee1e2.jpg,['Li6 0802']
3036521d-055d-11ed-970c-94e23c4ee1e2.jpg,['L6-0802']
313edfeb-055d-11ed-a897-94e23c4ee1e2.jpg,['LAG-0802']
3233241b-055d-11ed-9ebe-94e23c4ee1e2.jpg,"['LaG-', '0802']"
333afadc-055d-11ed-96d5-94e23c4ee1e2.jpg,['AG-0802']
34432808-055d-11ed-bc6c-94e23c4ee1e2.jpg,['IAG-nan?']
38337d07-055d-11ed-a40e-94e23c4ee1e2.jpg,"['OCH E', '522']"
3937f1d8-055d-11ed-89be-94e23c4ee1e2.jpg,['OCH-522']
3a4f2005-055d-11ed-8a44-94e23c4ee1e2.jpg,['OCH-522']
3edf152f-055d-11ed-89ba-94e23c4ee1e2.jpg,"['ruinn', 'LBA 1499]']"
3feb8abd-055d-11ed-b0aa-94e23c4ee1e2.jpg,['LBA 1499']
4111784e-055d-11ed-bce8-94e23c4ee1e2.jpg,['LBA 1499']
4231b553-055d-11ed-b373-94e23c4ee1e2.jpg,['LBA 1499']
4341726d-055d-11ed-9c51-94e23c4ee1e2.jpg,"['Iutd', 'LBA 1499]']"
fc29908b-055d-11ed-b5d5-94e23c4ee1e2.jpg,"['LBB-', '5200}']"
fd49d4e0-055d-11ed-ba41-94e23c4ee1e2.jpg,['ILBB-5200}']
03c0537c-055e-11ed-b609-94e23c4ee1e2.jpg,['LALM63=']
04c561bf-055e-11ed-9eb1-94e23c4ee1e2.jpg,['LAL163']
05be8b03-055e-11ed-ade3-94e23c4ee1e2.jpg,['LAl4165']
06bf2449-055e-11ed-94d3-94e23c4ee1e2.jpg,['LAL1165']
07b08673-055e-11ed-83f0-94e23c4ee1e2.jpg,['LAL416;']
08b7e5d2-055e-11ed-8433-94e23c4ee1e2.jpg,['LALL16:']
09b988c2-055e-11ed-b375-94e23c4ee1e2.jpg,['LA4165']
0ab9e1bb-055e-11ed-813b-94e23c4ee1e2.jpg,['LAL4165']
0bbcefa9-055e-11ed-9aec-94e23c4ee1e2.jpg,['LAL1165']
0caf4511-055e-11ed-84b3-94e23c4ee1e2.jpg,['LAA1165']
0da53dcd-055e-11ed-8005-94e23c4ee1e2.jpg,['LAc 1165']
0eab8277-055e-11ed-b5c4-94e23c4ee1e2.jpg,['LAA1165']
0facff10-055e-11ed-bdc6-94e23c4ee1e2.jpg,['46 11F6']
10f1f2db-055e-11ed-8fd7-94e23c4ee1e2.jpg,['1P8Z.5025']
11e2cb5b-055e-11ed-a076-94e23c4ee1e2.jpg,['7282.5025']
12ea2ff4-055e-11ed-a91d-94e23c4ee1e2.jpg,['Rez-5025']
14eb4f17-055e-11ed-8529-94e23c4ee1e2.jpg,['PBZ 5025']
15e1e0f8-055e-11ed-bdd5-94e23c4ee1e2.jpg,['PBZ 5025']
16e00665-055e-11ed-873f-94e23c4ee1e2.jpg,['PBZ 5025']
17e76440-055e-11ed-876e-94e23c4ee1e2.jpg,['PBZ 5025]']
18d77321-055e-11ed-bd03-94e23c4ee1e2.jpg,['PBZ 5025']
19daa405-055e-11ed-a370-94e23c4ee1e2.jpg,['PBZ 5025']
1accbbea-055e-11ed-9a5f-94e23c4ee1e2.jpg,['PBZ 5025]']
1bcfd9b6-055e-11ed-ad30-94e23c4ee1e2.jpg,['PBZ 5025']
1cd9bdda-055e-11ed-848b-94e23c4ee1e2.jpg,['PBZ 5025]']
1ddcadfc-055e-11ed-92d4-94e23c4ee1e2.jpg,['PBZ 5025']
1ee777f3-055e-11ed-9f6a-94e23c4ee1e2.jpg,"['Gam', 'PBZ 5025']"
1fe95f62-055e-11ed-87a8-94e23c4ee1e2.jpg,['PBZ 5025']
20de3300-055e-11ed-87e7-94e23c4ee1e2.jpg,"['@ud', 'PBZ -5025]']"
21ebc0c2-055e-11ed-a26e-94e23c4ee1e2.jpg,"['Cua', 'PBZ-5025']"
239768a8-055e-11ed-aa90-94e23c4ee1e2.jpg,['LBA 8222']
248a1b46-055e-11ed-90de-94e23c4ee1e2.jpg,['LBA: 8222']
25a1508b-055e-11ed-bef2-94e23c4ee1e2.jpg,['~LBA-8222']
b676547d-055e-11ed-a7e5-94e23c4ee1e2.jpg,"['LBB-', '5200}']"
b77d22df-055e-11ed-ae36-94e23c4ee1e2.jpg,['ILBB-5200}']
bddc4056-055e-11ed-ae71-94e23c4ee1e2.jpg,['LALM63=']
bedd77a4-055e-11ed-953f-94e23c4ee1e2.jpg,['LAL163']
bfe0677d-055e-11ed-9e43-94e23c4ee1e2.jpg,['LAl4165']
c0e0b9ed-055e-11ed-8077-94e23c4ee1e2.jpg,['LAL1165']
c1e19d25-055e-11ed-83d7-94e23c4ee1e2.jpg,['LAL416;']
c2d3ec07-055e-11ed-a4d2-94e23c4ee1e2.jpg,['LALL16:']
c3d7a00d-055e-11ed-aee4-94e23c4ee1e2.jpg,['LA4165']
c4e061f2-055e-11ed-89a8-94e23c4ee1e2.jpg,['LAL4165']
c5e8faf9-055e-11ed-b15d-94e23c4ee1e2.jpg,['LAL1165']
d8652c49-055e-11ed-8454-94e23c4ee1e2.jpg,"['LBB-', '5200}']"
d967006f-055e-11ed-88b7-94e23c4ee1e2.jpg,['ILBB-5200}']
dfc57ccb-055e-11ed-a149-94e23c4ee1e2.jpg,['LALM63=']
e0c12349-055e-11ed-9a18-94e23c4ee1e2.jpg,['LAL163']
e1c66f12-055e-11ed-bddf-94e23c4ee1e2.jpg,['LAl4165']
e2ccde03-055e-11ed-bf72-94e23c4ee1e2.jpg,['LAL1165']
e3d24e82-055e-11ed-a82e-94e23c4ee1e2.jpg,['LAL416;']
e4d51156-055e-11ed-a9bd-94e23c4ee1e2.jpg,['LALL16:']
e5d4958d-055e-11ed-88f0-94e23c4ee1e2.jpg,['LA4165']
e6cc7510-055e-11ed-9110-94e23c4ee1e2.jpg,['LAL4165']
e7d1ef49-055e-11ed-b002-94e23c4ee1e2.jpg,['LAL1165']
e8d1a1d1-055e-11ed-8e4c-94e23c4ee1e2.jpg,['LAA1165']
e9d4e05e-055e-11ed-b41e-94e23c4ee1e2.jpg,['LAc 1165']
ead663bb-055e-11ed-945e-94e23c4ee1e2.jpg,['LAA1165']
ebcda16d-055e-11ed-8932-94e23c4ee1e2.jpg,['46 11F6']
23378fe8-055f-11ed-bb3f-94e23c4ee1e2.jpg,"['LBB-', '5200}']"
2a21eaca-055f-11ed-973e-94e23c4ee1e2.jpg,['LAc 1165']
4a93ea9b-055f-11ed-baa8-94e23c4ee1e2.jpg,"['LBB-', '5200}']"
4b98463f-055f-11ed-aeb5-94e23c4ee1e2.jpg,['ILBB-5200}']
5250f6c4-055f-11ed-90cf-94e23c4ee1e2.jpg,['LAL4165']
534703aa-055f-11ed-a156-94e23c4ee1e2.jpg,['LAL1165']
5453b8eb-055f-11ed-8392-94e23c4ee1e2.jpg,['LAA1165']
554bc863-055f-11ed-8e07-94e23c4ee1e2.jpg,['LAc 1165']
58503bea-055f-11ed-abec-94e23c4ee1e2.jpg,['PBZ 5025']
59431f12-055f-11ed-a0ae-94e23c4ee1e2.jpg,"['Gam', 'PBZ 5025']"
5a4c9231-055f-11ed-855a-94e23c4ee1e2.jpg,['PBZ 5025']
5b423c0f-055f-11ed-8785-94e23c4ee1e2.jpg,"['@ud', 'PBZ -5025]']"
5e73c0b1-055f-11ed-b5fd-94e23c4ee1e2.jpg,['LBA:8222']
5f6cee8e-055f-11ed-ba6d-94e23c4ee1e2.jpg,"['8222/', 'LBA:']"
6074c563-055f-11ed-b37b-94e23c4ee1e2.jpg,['LBA 8222']
620bc336-055f-11ed-a17c-94e23c4ee1e2.jpg,['PBI 66.1.9']
693fb3a3-055f-11ed-983f-94e23c4ee1e2.jpg,"['LaG-', '0802']"
6a38983d-055f-11ed-922b-94e23c4ee1e2.jpg,['AG-0802']
71c74308-055f-11ed-b60a-94e23c4ee1e2.jpg,['LBA 1499']
7bc70f0e-055f-11ed-812d-94e23c4ee1e2.jpg,"['LQM', 'LBB-9937']"
7ce0750c-055f-11ed-8fc0-94e23c4ee1e2.jpg,"['UL', 'LBB-9937']"
7e021847-055f-11ed-8904-94e23c4ee1e2.jpg,"['Laat', 'BB-9937']"
7f17c824-055f-11ed-9bca-94e23c4ee1e2.jpg,"['Ttuaoom', 'BB-9937']"
8025e789-055f-11ed-aaea-94e23c4ee1e2.jpg,"['quanan', 'BB-9937']"
8124f037-055f-11ed-ad0b-94e23c4ee1e2.jpg,"['(Uaton', 'BB-9937]']"
84d5c617-055f-11ed-b32f-94e23c4ee1e2.jpg,['LBD-311721']
8b18a9f0-055f-11ed-9077-94e23c4ee1e2.jpg,['IBcB 8241']
bd5b6d57-055f-11ed-9700-94e23c4ee1e2.jpg,"['LBB-', '5200}']"
c1b1f4f7-055f-11ed-ba1d-94e23c4ee1e2.jpg,['ILBB-5200}']
ef238e85-055f-11ed-ace0-94e23c4ee1e2.jpg,"['LBB-', '5200}']"
f02a9e42-055f-11ed-9df7-94e23c4ee1e2.jpg,['ILBB-5200}']
f7d4d5fc-055f-11ed-9db6-94e23c4ee1e2.jpg,['LAL4165']
f8c94188-055f-11ed-9e75-94e23c4ee1e2.jpg,['LAL1165']
f9d24006-055f-11ed-9cf5-94e23c4ee1e2.jpg,['LAA1165']
fadd71cc-055f-11ed-9934-94e23c4ee1e2.jpg,['LAc 1165']
0b13667d-0560-11ed-97ef-94e23c4ee1e2.jpg,"['LBB-', '5200}']"
10b387c0-0560-11ed-8620-94e23c4ee1e2.jpg,['ILBB-5200}']
1912744c-0560-11ed-8211-94e23c4ee1e2.jpg,['LAL4165']
1a0946fb-0560-11ed-b9d5-94e23c4ee1e2.jpg,['LAL1165']
1edded48-0560-11ed-910b-94e23c4ee1e2.jpg,['LAA1165']
1fdcdff0-0560-11ed-978f-94e23c4ee1e2.jpg,['LAc 1165']
22e09cb5-0560-11ed-bc64-94e23c4ee1e2.jpg,['PBZ 5025']
23e02da9-0560-11ed-ba1a-94e23c4ee1e2.jpg,"['Gam', 'PBZ 5025']"
1d6301bb-0562-11ed-b64f-94e23c4ee1e2.jpg,"['LBB-', '5200}']"
409b3847-0566-11ed-93d4-94e23c4ee1e2.jpg,"['LBB-', '5200}']"
9784fafb-0566-11ed-bd67-94e23c4ee1e2.jpg,['ILBB-5200}']
bf2db821-0566-11ed-b82e-94e23c4ee1e2.jpg,['LAL4165']
c0319c9d-0566-11ed-b663-94e23c4ee1e2.jpg,['LAL1165']
c14090c0-0566-11ed-8660-94e23c4ee1e2.jpg,['LAA1165']
c24c7577-0566-11ed-86fc-94e23c4ee1e2.jpg,['LAc 1165']
f75d06a8-0566-11ed-a932-94e23c4ee1e2.jpg,['PBZ 5025']
f8538645-0566-11ed-9180-94e23c4ee1e2.jpg,"['Gam', 'PBZ 5025']"
4b161f9f-0567-11ed-9785-94e23c4ee1e2.jpg,['PBZ 5025']
4c2743e8-0567-11ed-a347-94e23c4ee1e2.jpg,"['@ud', 'PBZ -5025]']"
7668b0d5-0567-11ed-90b7-94e23c4ee1e2.jpg,['LBA:8222']
775c255b-0567-11ed-a190-94e23c4ee1e2.jpg,"['8222/', 'LBA:']"
7861e709-0567-11ed-8f65-94e23c4ee1e2.jpg,['LBA 8222']
cb4964de-0567-11ed-a097-94e23c4ee1e2.jpg,['PBI 66.1.9']
548db0da-0568-11ed-878c-94e23c4ee1e2.jpg,"['LaG-', '0802']"
55a1a457-0568-11ed-bb48-94e23c4ee1e2.jpg,['AG-0802']
1d363312-0569-11ed-a0f8-94e23c4ee1e2.jpg,['LBA 1499']
b3aba958-0569-11ed-a785-94e23c4ee1e2.jpg,"['LQM', 'LBB-9937']"
b4b7580b-0569-11ed-80e8-94e23c4ee1e2.jpg,"['UL', 'LBB-9937']"
b5c52e3a-0569-11ed-94bd-94e23c4ee1e2.jpg,"['Laat', 'BB-9937']"
b6d20473-0569-11ed-8988-94e23c4ee1e2.jpg,"['Ttuaoom', 'BB-9937']"
b8dbe388-0569-11ed-b7e7-94e23c4ee1e2.jpg,"['quanan', 'BB-9937']"
b9d38694-0569-11ed-9b3a-94e23c4ee1e2.jpg,"['(Uaton', 'BB-9937]']"
24defcd6-056a-11ed-8eb8-94e23c4ee1e2.jpg,['LBD-311721']
76db90de-056a-11ed-9d46-94e23c4ee1e2.jpg,['IBcB 8241']
